{"cameraMode":{"drawMode":0,"name":"Shaded","section":"Shading Mode"},"sceneLighting":true,"audioPlay":false,"sceneViewState":{"showFog":true,"showMaterialUpdate":true,"showSkybox":true,"showFlares":true,"showImageEffects":true,"showParticleSystems":true},"in2DMode":false,"pivot":{"x":104.50408935546875,"y":8.89802360534668,"z":-200.21356201171876},"rotation":{"x":-0.10884714126586914,"y":-0.618338942527771,"z":0.08701753616333008,"w":-0.7734580039978027},"size":27.256256103515626,"orthographic":false}