{"cameraMode":{"drawMode":0,"name":"Shaded","section":"Shading Mode"},"sceneLighting":false,"audioPlay":false,"sceneViewState":{"showFog":true,"showMaterialUpdate":false,"showSkybox":true,"showFlares":true,"showImageEffects":true,"showParticleSystems":true},"in2DMode":false,"pivot":{"x":-40.141815185546878,"y":31.38301658630371,"z":241.24813842773438},"rotation":{"x":-0.03221926838159561,"y":-0.9675776958465576,"z":0.1869027465581894,"w":-0.16680167615413667},"size":22.0,"orthographic":false}