{"cameraMode":{"drawMode":0,"name":"Shaded","section":"Shading Mode"},"sceneLighting":true,"audioPlay":false,"sceneViewState":{"showFog":true,"showMaterialUpdate":false,"showSkybox":true,"showFlares":true,"showImageEffects":true,"showParticleSystems":true},"in2DMode":false,"pivot":{"x":-97.21150970458985,"y":-78.62491607666016,"z":-34.53696823120117},"rotation":{"x":0.19554513692855836,"y":-0.6988149285316467,"z":0.20839078724384309,"w":0.6557385921478272},"size":187.0902099609375,"orthographic":false}