{"cameraMode":{"drawMode":0,"name":"Shaded","section":"Shading Mode"},"sceneLighting":false,"audioPlay":false,"sceneViewState":{"showFog":true,"showMaterialUpdate":false,"showSkybox":true,"showFlares":true,"showImageEffects":true,"showParticleSystems":true},"in2DMode":false,"pivot":{"x":24.11115264892578,"y":-1.8220168352127076,"z":-23.91516876220703},"rotation":{"x":0.020807823166251184,"y":-0.9788517951965332,"z":0.15635879337787629,"w":0.13026194274425507},"size":25.157390594482423,"orthographic":false}