{"cameraMode":{"drawMode":0,"name":"Shaded","section":"Shading Mode"},"sceneLighting":false,"audioPlay":false,"sceneViewState":{"showFog":true,"showMaterialUpdate":false,"showSkybox":true,"showFlares":true,"showImageEffects":true,"showParticleSystems":true},"in2DMode":false,"pivot":{"x":-2.7731404304504396,"y":9.071474075317383,"z":-28.294496536254884},"rotation":{"x":0.04957227781414986,"y":-0.2562619149684906,"z":0.013162240386009217,"w":0.9652456641197205},"size":13.669178009033204,"orthographic":false}